product1,product2,similarity
Sanjo K200 // White,Sanjo K200 // Black & White,0.9999999999999982
Sanjo K200 // White,Sanjo K200 // Black,0.9999999999999982
Sanjo K200 // White,Sanjo K200 // Red,0.9999999999999982
Sanjo K200 // White,Sanjo K200 // Denim & Red,0.9999999999999982
Sanjo K200 // White,Sanjo K100 // Black,0.9706979092025698
Sanjo K200 // White,Sanjo K100 // White,0.9706979092025698
Sanjo K200 // White,Sanjo K100 // Red,0.9706979092025698
Sanjo K200 // White,Sanjo K100 // Denim & Red,0.9706979092025698
Sanjo K200 // White,Sanjo K100 // Black & White,0.9706979092025698
Sanjo K200 // White,Sanjo K100 // Denim & Yellow,0.9706979092025698
Sanjo K200 // White,Sanjo K100 // All Black,0.9706979092025698
Sanjo K200 // White,Sanjo K200 // All Black,0.9999999999999982
Sanjo K200 // White,Sanjo K200 // Ecru-Gum,0.9999999999999982
Sanjo K200 // White,Sanjo K100 // Ecru-Gum,0.9706979092025698
Sanjo K200 // White,Sanjo K200 // Black-Gum,0.9999999999999982
Sanjo K200 // White,Sanjo K200 // Kaki-Gum,0.9999999999999982
Sanjo K200 // White,Sanjo K100 // Black-Gum,0.9706979092025698
Sanjo K200 // White,Sanjo K100 // Kaki-Gum,0.9706979092025698
Sanjo K200 // White,Sanjo K100 // Navy Blue,0.9706979092025698
Sanjo K200 // White,Sanjo K200 // Mustrad,0.9999999999999982
Sanjo K200 // White,Sanjo K200 // Navy Blue,0.9999999999999982
Sanjo K200 // White,Sanjo K100 // Mustard,0.9706979092025698
Sanjo K200 // Black & White,Sanjo K200 // Black,0.9999999999999982
Sanjo K200 // Black & White,Sanjo K200 // Red,0.9999999999999982
Sanjo K200 // Black & White,Sanjo K200 // Denim & Red,0.9999999999999982
Sanjo K200 // Black & White,Sanjo K100 // Black,0.9706979092025698
Sanjo K200 // Black & White,Sanjo K100 // White,0.9706979092025698
Sanjo K200 // Black & White,Sanjo K100 // Red,0.9706979092025698
Sanjo K200 // Black & White,Sanjo K100 // Denim & Red,0.9706979092025698
Sanjo K200 // Black & White,Sanjo K100 // Black & White,0.9706979092025698
Sanjo K200 // Black & White,Sanjo K100 // Denim & Yellow,0.9706979092025698
Sanjo K200 // Black & White,Sanjo K100 // All Black,0.9706979092025698
Sanjo K200 // Black & White,Sanjo K200 // All Black,0.9999999999999982
Sanjo K200 // Black & White,Sanjo K200 // Ecru-Gum,0.9999999999999982
Sanjo K200 // Black & White,Sanjo K100 // Ecru-Gum,0.9706979092025698
Sanjo K200 // Black & White,Sanjo K200 // Black-Gum,0.9999999999999982
Sanjo K200 // Black & White,Sanjo K200 // Kaki-Gum,0.9999999999999982
Sanjo K200 // Black & White,Sanjo K100 // Black-Gum,0.9706979092025698
Sanjo K200 // Black & White,Sanjo K100 // Kaki-Gum,0.9706979092025698
Sanjo K200 // Black & White,Sanjo K100 // Navy Blue,0.9706979092025698
Sanjo K200 // Black & White,Sanjo K200 // Mustrad,0.9999999999999982
Sanjo K200 // Black & White,Sanjo K200 // Navy Blue,0.9999999999999982
Sanjo K200 // Black & White,Sanjo K100 // Mustard,0.9706979092025698
Sanjo K200 // Black,Sanjo K200 // Red,0.9999999999999982
Sanjo K200 // Black,Sanjo K200 // Denim & Red,0.9999999999999982
Sanjo K200 // Black,Sanjo K100 // Black,0.9706979092025698
Sanjo K200 // Black,Sanjo K100 // White,0.9706979092025698
Sanjo K200 // Black,Sanjo K100 // Red,0.9706979092025698
Sanjo K200 // Black,Sanjo K100 // Denim & Red,0.9706979092025698
Sanjo K200 // Black,Sanjo K100 // Black & White,0.9706979092025698
Sanjo K200 // Black,Sanjo K100 // Denim & Yellow,0.9706979092025698
Sanjo K200 // Black,Sanjo K100 // All Black,0.9706979092025698
Sanjo K200 // Black,Sanjo K200 // All Black,0.9999999999999982
Sanjo K200 // Black,Sanjo K200 // Ecru-Gum,0.9999999999999982
Sanjo K200 // Black,Sanjo K100 // Ecru-Gum,0.9706979092025698
Sanjo K200 // Black,Sanjo K200 // Black-Gum,0.9999999999999982
Sanjo K200 // Black,Sanjo K200 // Kaki-Gum,0.9999999999999982
Sanjo K200 // Black,Sanjo K100 // Black-Gum,0.9706979092025698
Sanjo K200 // Black,Sanjo K100 // Kaki-Gum,0.9706979092025698
Sanjo K200 // Black,Sanjo K100 // Navy Blue,0.9706979092025698
Sanjo K200 // Black,Sanjo K200 // Mustrad,0.9999999999999982
Sanjo K200 // Black,Sanjo K200 // Navy Blue,0.9999999999999982
Sanjo K200 // Black,Sanjo K100 // Mustard,0.9706979092025698
Sanjo K200 // Red,Sanjo K200 // Denim & Red,0.9999999999999982
Sanjo K200 // Red,Sanjo K100 // Black,0.9706979092025698
Sanjo K200 // Red,Sanjo K100 // White,0.9706979092025698
Sanjo K200 // Red,Sanjo K100 // Red,0.9706979092025698
Sanjo K200 // Red,Sanjo K100 // Denim & Red,0.9706979092025698
Sanjo K200 // Red,Sanjo K100 // Black & White,0.9706979092025698
Sanjo K200 // Red,Sanjo K100 // Denim & Yellow,0.9706979092025698
Sanjo K200 // Red,Sanjo K100 // All Black,0.9706979092025698
Sanjo K200 // Red,Sanjo K200 // All Black,0.9999999999999982
Sanjo K200 // Red,Sanjo K200 // Ecru-Gum,0.9999999999999982
Sanjo K200 // Red,Sanjo K100 // Ecru-Gum,0.9706979092025698
Sanjo K200 // Red,Sanjo K200 // Black-Gum,0.9999999999999982
Sanjo K200 // Red,Sanjo K200 // Kaki-Gum,0.9999999999999982
Sanjo K200 // Red,Sanjo K100 // Black-Gum,0.9706979092025698
Sanjo K200 // Red,Sanjo K100 // Kaki-Gum,0.9706979092025698
Sanjo K200 // Red,Sanjo K100 // Navy Blue,0.9706979092025698
Sanjo K200 // Red,Sanjo K200 // Mustrad,0.9999999999999982
Sanjo K200 // Red,Sanjo K200 // Navy Blue,0.9999999999999982
Sanjo K200 // Red,Sanjo K100 // Mustard,0.9706979092025698
Sanjo K200 // Denim & Red,Sanjo K100 // Black,0.9706979092025698
Sanjo K200 // Denim & Red,Sanjo K100 // White,0.9706979092025698
Sanjo K200 // Denim & Red,Sanjo K100 // Red,0.9706979092025698
Sanjo K200 // Denim & Red,Sanjo K100 // Denim & Red,0.9706979092025698
Sanjo K200 // Denim & Red,Sanjo K100 // Black & White,0.9706979092025698
Sanjo K200 // Denim & Red,Sanjo K100 // Denim & Yellow,0.9706979092025698
Sanjo K200 // Denim & Red,Sanjo K100 // All Black,0.9706979092025698
Sanjo K200 // Denim & Red,Sanjo K200 // All Black,0.9999999999999982
Sanjo K200 // Denim & Red,Sanjo K200 // Ecru-Gum,0.9999999999999982
Sanjo K200 // Denim & Red,Sanjo K100 // Ecru-Gum,0.9706979092025698
Sanjo K200 // Denim & Red,Sanjo K200 // Black-Gum,0.9999999999999982
Sanjo K200 // Denim & Red,Sanjo K200 // Kaki-Gum,0.9999999999999982
Sanjo K200 // Denim & Red,Sanjo K100 // Black-Gum,0.9706979092025698
Sanjo K200 // Denim & Red,Sanjo K100 // Kaki-Gum,0.9706979092025698
Sanjo K200 // Denim & Red,Sanjo K100 // Navy Blue,0.9706979092025698
Sanjo K200 // Denim & Red,Sanjo K200 // Mustrad,0.9999999999999982
Sanjo K200 // Denim & Red,Sanjo K200 // Navy Blue,0.9999999999999982
Sanjo K200 // Denim & Red,Sanjo K100 // Mustard,0.9706979092025698
Sanjo K100 // Black,Sanjo K100 // White,0.9999999999999981
Sanjo K100 // Black,Sanjo K100 // Red,0.9999999999999981
Sanjo K100 // Black,Sanjo K100 // Denim & Red,0.9999999999999981
Sanjo K100 // Black,Sanjo K100 // Black & White,0.9999999999999981
Sanjo K100 // Black,Sanjo K100 // Denim & Yellow,0.9999999999999981
Sanjo K100 // Black,Sanjo K100 // All Black,0.9999999999999981
Sanjo K100 // Black,Sanjo K200 // All Black,0.9706979092025698
Sanjo K100 // Black,Sanjo K200 // Ecru-Gum,0.9706979092025698
Sanjo K100 // Black,Sanjo K100 // Ecru-Gum,0.9999999999999981
Sanjo K100 // Black,Sanjo K200 // Black-Gum,0.9706979092025698
Sanjo K100 // Black,Sanjo K200 // Kaki-Gum,0.9706979092025698
Sanjo K100 // Black,Sanjo K100 // Black-Gum,0.9999999999999981
Sanjo K100 // Black,Sanjo K100 // Kaki-Gum,0.9999999999999981
Sanjo K100 // Black,Sanjo K100 // Navy Blue,0.9999999999999981
Sanjo K100 // Black,Sanjo K200 // Mustrad,0.9706979092025698
Sanjo K100 // Black,Sanjo K200 // Navy Blue,0.9706979092025698
Sanjo K100 // Black,Sanjo K100 // Mustard,0.9999999999999981
Sanjo K100 // White,Sanjo K100 // Red,0.9999999999999981
Sanjo K100 // White,Sanjo K100 // Denim & Red,0.9999999999999981
Sanjo K100 // White,Sanjo K100 // Black & White,0.9999999999999981
Sanjo K100 // White,Sanjo K100 // Denim & Yellow,0.9999999999999981
Sanjo K100 // White,Sanjo K100 // All Black,0.9999999999999981
Sanjo K100 // White,Sanjo K200 // All Black,0.9706979092025698
Sanjo K100 // White,Sanjo K200 // Ecru-Gum,0.9706979092025698
Sanjo K100 // White,Sanjo K100 // Ecru-Gum,0.9999999999999981
Sanjo K100 // White,Sanjo K200 // Black-Gum,0.9706979092025698
Sanjo K100 // White,Sanjo K200 // Kaki-Gum,0.9706979092025698
Sanjo K100 // White,Sanjo K100 // Black-Gum,0.9999999999999981
Sanjo K100 // White,Sanjo K100 // Kaki-Gum,0.9999999999999981
Sanjo K100 // White,Sanjo K100 // Navy Blue,0.9999999999999981
Sanjo K100 // White,Sanjo K200 // Mustrad,0.9706979092025698
Sanjo K100 // White,Sanjo K200 // Navy Blue,0.9706979092025698
Sanjo K100 // White,Sanjo K100 // Mustard,0.9999999999999981
Sanjo K100 // Red,Sanjo K100 // Denim & Red,0.9999999999999981
Sanjo K100 // Red,Sanjo K100 // Black & White,0.9999999999999981
Sanjo K100 // Red,Sanjo K100 // Denim & Yellow,0.9999999999999981
Sanjo K100 // Red,Sanjo K100 // All Black,0.9999999999999981
Sanjo K100 // Red,Sanjo K200 // All Black,0.9706979092025698
Sanjo K100 // Red,Sanjo K200 // Ecru-Gum,0.9706979092025698
Sanjo K100 // Red,Sanjo K100 // Ecru-Gum,0.9999999999999981
Sanjo K100 // Red,Sanjo K200 // Black-Gum,0.9706979092025698
Sanjo K100 // Red,Sanjo K200 // Kaki-Gum,0.9706979092025698
Sanjo K100 // Red,Sanjo K100 // Black-Gum,0.9999999999999981
Sanjo K100 // Red,Sanjo K100 // Kaki-Gum,0.9999999999999981
Sanjo K100 // Red,Sanjo K100 // Navy Blue,0.9999999999999981
Sanjo K100 // Red,Sanjo K200 // Mustrad,0.9706979092025698
Sanjo K100 // Red,Sanjo K200 // Navy Blue,0.9706979092025698
Sanjo K100 // Red,Sanjo K100 // Mustard,0.9999999999999981
Sanjo K100 // Denim & Red,Sanjo K100 // Black & White,0.9999999999999981
Sanjo K100 // Denim & Red,Sanjo K100 // Denim & Yellow,0.9999999999999981
Sanjo K100 // Denim & Red,Sanjo K100 // All Black,0.9999999999999981
Sanjo K100 // Denim & Red,Sanjo K200 // All Black,0.9706979092025698
Sanjo K100 // Denim & Red,Sanjo K200 // Ecru-Gum,0.9706979092025698
Sanjo K100 // Denim & Red,Sanjo K100 // Ecru-Gum,0.9999999999999981
Sanjo K100 // Denim & Red,Sanjo K200 // Black-Gum,0.9706979092025698
Sanjo K100 // Denim & Red,Sanjo K200 // Kaki-Gum,0.9706979092025698
Sanjo K100 // Denim & Red,Sanjo K100 // Black-Gum,0.9999999999999981
Sanjo K100 // Denim & Red,Sanjo K100 // Kaki-Gum,0.9999999999999981
Sanjo K100 // Denim & Red,Sanjo K100 // Navy Blue,0.9999999999999981
Sanjo K100 // Denim & Red,Sanjo K200 // Mustrad,0.9706979092025698
Sanjo K100 // Denim & Red,Sanjo K200 // Navy Blue,0.9706979092025698
Sanjo K100 // Denim & Red,Sanjo K100 // Mustard,0.9999999999999981
Sanjo K100 // Black & White,Sanjo K100 // Denim & Yellow,0.9999999999999981
Sanjo K100 // Black & White,Sanjo K100 // All Black,0.9999999999999981
Sanjo K100 // Black & White,Sanjo K200 // All Black,0.9706979092025698
Sanjo K100 // Black & White,Sanjo K200 // Ecru-Gum,0.9706979092025698
Sanjo K100 // Black & White,Sanjo K100 // Ecru-Gum,0.9999999999999981
Sanjo K100 // Black & White,Sanjo K200 // Black-Gum,0.9706979092025698
Sanjo K100 // Black & White,Sanjo K200 // Kaki-Gum,0.9706979092025698
Sanjo K100 // Black & White,Sanjo K100 // Black-Gum,0.9999999999999981
Sanjo K100 // Black & White,Sanjo K100 // Kaki-Gum,0.9999999999999981
Sanjo K100 // Black & White,Sanjo K100 // Navy Blue,0.9999999999999981
Sanjo K100 // Black & White,Sanjo K200 // Mustrad,0.9706979092025698
Sanjo K100 // Black & White,Sanjo K200 // Navy Blue,0.9706979092025698
Sanjo K100 // Black & White,Sanjo K100 // Mustard,0.9999999999999981
Sanjo K100 // Denim & Yellow,Sanjo K100 // All Black,0.9999999999999981
Sanjo K100 // Denim & Yellow,Sanjo K200 // All Black,0.9706979092025698
Sanjo K100 // Denim & Yellow,Sanjo K200 // Ecru-Gum,0.9706979092025698
Sanjo K100 // Denim & Yellow,Sanjo K100 // Ecru-Gum,0.9999999999999981
Sanjo K100 // Denim & Yellow,Sanjo K200 // Black-Gum,0.9706979092025698
Sanjo K100 // Denim & Yellow,Sanjo K200 // Kaki-Gum,0.9706979092025698
Sanjo K100 // Denim & Yellow,Sanjo K100 // Black-Gum,0.9999999999999981
Sanjo K100 // Denim & Yellow,Sanjo K100 // Kaki-Gum,0.9999999999999981
Sanjo K100 // Denim & Yellow,Sanjo K100 // Navy Blue,0.9999999999999981
Sanjo K100 // Denim & Yellow,Sanjo K200 // Mustrad,0.9706979092025698
Sanjo K100 // Denim & Yellow,Sanjo K200 // Navy Blue,0.9706979092025698
Sanjo K100 // Denim & Yellow,Sanjo K100 // Mustard,0.9999999999999981
Sanjo K100 // All Black,Sanjo K200 // All Black,0.9706979092025698
Sanjo K100 // All Black,Sanjo K200 // Ecru-Gum,0.9706979092025698
Sanjo K100 // All Black,Sanjo K100 // Ecru-Gum,0.9999999999999981
Sanjo K100 // All Black,Sanjo K200 // Black-Gum,0.9706979092025698
Sanjo K100 // All Black,Sanjo K200 // Kaki-Gum,0.9706979092025698
Sanjo K100 // All Black,Sanjo K100 // Black-Gum,0.9999999999999981
Sanjo K100 // All Black,Sanjo K100 // Kaki-Gum,0.9999999999999981
Sanjo K100 // All Black,Sanjo K100 // Navy Blue,0.9999999999999981
Sanjo K100 // All Black,Sanjo K200 // Mustrad,0.9706979092025698
Sanjo K100 // All Black,Sanjo K200 // Navy Blue,0.9706979092025698
Sanjo K100 // All Black,Sanjo K100 // Mustard,0.9999999999999981
Sanjo K200 // All Black,Sanjo K200 // Ecru-Gum,0.9999999999999982
Sanjo K200 // All Black,Sanjo K100 // Ecru-Gum,0.9706979092025698
Sanjo K200 // All Black,Sanjo K200 // Black-Gum,0.9999999999999982
Sanjo K200 // All Black,Sanjo K200 // Kaki-Gum,0.9999999999999982
Sanjo K200 // All Black,Sanjo K100 // Black-Gum,0.9706979092025698
Sanjo K200 // All Black,Sanjo K100 // Kaki-Gum,0.9706979092025698
Sanjo K200 // All Black,Sanjo K100 // Navy Blue,0.9706979092025698
Sanjo K200 // All Black,Sanjo K200 // Mustrad,0.9999999999999982
Sanjo K200 // All Black,Sanjo K200 // Navy Blue,0.9999999999999982
Sanjo K200 // All Black,Sanjo K100 // Mustard,0.9706979092025698
Sanjo K200 // Ecru-Gum,Sanjo K100 // Ecru-Gum,0.9706979092025698
Sanjo K200 // Ecru-Gum,Sanjo K200 // Black-Gum,0.9999999999999982
Sanjo K200 // Ecru-Gum,Sanjo K200 // Kaki-Gum,0.9999999999999982
Sanjo K200 // Ecru-Gum,Sanjo K100 // Black-Gum,0.9706979092025698
Sanjo K200 // Ecru-Gum,Sanjo K100 // Kaki-Gum,0.9706979092025698
Sanjo K200 // Ecru-Gum,Sanjo K100 // Navy Blue,0.9706979092025698
Sanjo K200 // Ecru-Gum,Sanjo K200 // Mustrad,0.9999999999999982
Sanjo K200 // Ecru-Gum,Sanjo K200 // Navy Blue,0.9999999999999982
Sanjo K200 // Ecru-Gum,Sanjo K100 // Mustard,0.9706979092025698
Sanjo K100 // Ecru-Gum,Sanjo K200 // Black-Gum,0.9706979092025698
Sanjo K100 // Ecru-Gum,Sanjo K200 // Kaki-Gum,0.9706979092025698
Sanjo K100 // Ecru-Gum,Sanjo K100 // Black-Gum,0.9999999999999981
Sanjo K100 // Ecru-Gum,Sanjo K100 // Kaki-Gum,0.9999999999999981
Sanjo K100 // Ecru-Gum,Sanjo K100 // Navy Blue,0.9999999999999981
Sanjo K100 // Ecru-Gum,Sanjo K200 // Mustrad,0.9706979092025698
Sanjo K100 // Ecru-Gum,Sanjo K200 // Navy Blue,0.9706979092025698
Sanjo K100 // Ecru-Gum,Sanjo K100 // Mustard,0.9999999999999981
Sanjo K200 // Black-Gum,Sanjo K200 // Kaki-Gum,0.9999999999999982
Sanjo K200 // Black-Gum,Sanjo K100 // Black-Gum,0.9706979092025698
Sanjo K200 // Black-Gum,Sanjo K100 // Kaki-Gum,0.9706979092025698
Sanjo K200 // Black-Gum,Sanjo K100 // Navy Blue,0.9706979092025698
Sanjo K200 // Black-Gum,Sanjo K200 // Mustrad,0.9999999999999982
Sanjo K200 // Black-Gum,Sanjo K200 // Navy Blue,0.9999999999999982
Sanjo K200 // Black-Gum,Sanjo K100 // Mustard,0.9706979092025698
Sanjo K200 // Kaki-Gum,Sanjo K100 // Black-Gum,0.9706979092025698
Sanjo K200 // Kaki-Gum,Sanjo K100 // Kaki-Gum,0.9706979092025698
Sanjo K200 // Kaki-Gum,Sanjo K100 // Navy Blue,0.9706979092025698
Sanjo K200 // Kaki-Gum,Sanjo K200 // Mustrad,0.9999999999999982
Sanjo K200 // Kaki-Gum,Sanjo K200 // Navy Blue,0.9999999999999982
Sanjo K200 // Kaki-Gum,Sanjo K100 // Mustard,0.9706979092025698
Sanjo K100 // Black-Gum,Sanjo K100 // Kaki-Gum,0.9999999999999981
Sanjo K100 // Black-Gum,Sanjo K100 // Navy Blue,0.9999999999999981
Sanjo K100 // Black-Gum,Sanjo K200 // Mustrad,0.9706979092025698
Sanjo K100 // Black-Gum,Sanjo K200 // Navy Blue,0.9706979092025698
Sanjo K100 // Black-Gum,Sanjo K100 // Mustard,0.9999999999999981
Sanjo K100 // Kaki-Gum,Sanjo K100 // Navy Blue,0.9999999999999981
Sanjo K100 // Kaki-Gum,Sanjo K200 // Mustrad,0.9706979092025698
Sanjo K100 // Kaki-Gum,Sanjo K200 // Navy Blue,0.9706979092025698
Sanjo K100 // Kaki-Gum,Sanjo K100 // Mustard,0.9999999999999981
Sanjo K100 Cordura // Black & White,Sanjo K100 Cordura // All Black,0.9999999999999989
Sanjo K100 Cordura // Black & White,Sanjo K100 Cordura // All Kaki,0.9716665305453291
Sanjo K100 Cordura // Black & White,Sanjo K100 Cordura // Navy Multicolor,0.9999999999999989
Sanjo K100 Cordura // All Black,Sanjo K100 Cordura // All Kaki,0.9716665305453291
Sanjo K100 Cordura // All Black,Sanjo K100 Cordura // Navy Multicolor,0.9999999999999989
Sanjo K100 // Navy Blue,Sanjo K200 // Mustrad,0.9706979092025698
Sanjo K100 // Navy Blue,Sanjo K200 // Navy Blue,0.9706979092025698
Sanjo K100 // Navy Blue,Sanjo K100 // Mustard,0.9999999999999981
Sanjo K200 // Mustrad,Sanjo K200 // Navy Blue,0.9999999999999982
Sanjo K200 // Mustrad,Sanjo K100 // Mustard,0.9706979092025698
Sanjo K200 // Navy Blue,Sanjo K100 // Mustard,0.9706979092025698
Sanjo Retro Socks // Black Logo (3 Pack),Sanjo Retro Socks // White Logo (3 Pack),1.0000000000000002
Sanjo K100 // Burel Ebano,Sanjo K100 // Burel Boletos,0.999999999999999
Sanjo K100 // Burel Ebano,Sanjo K100 // Burel Moss,0.999999999999999
Sanjo K100 // Burel Ebano,Sanjo K100 Burel OG // Navy,0.999999999999999
Sanjo K100 // Burel Ebano,Sanjo K100 Burel OG // Green,0.999999999999999
Sanjo K100 // Burel Ebano,Sanjo K100 Burel OG // Yellow,0.999999999999999
Sanjo K100 // Burel Ebano,Sanjo KIDS V100 Burel OG // Navy,0.999999999999999
Sanjo K100 // Burel Ebano,Sanjo K100 Burel OG // Black,0.999999999999999
Sanjo K100 // Burel Boletos,Sanjo K100 // Burel Moss,0.999999999999999
Sanjo K100 // Burel Boletos,Sanjo K100 Burel OG // Navy,0.999999999999999
Sanjo K100 // Burel Boletos,Sanjo K100 Burel OG // Green,0.999999999999999
Sanjo K100 // Burel Boletos,Sanjo K100 Burel OG // Yellow,0.999999999999999
Sanjo K100 // Burel Boletos,Sanjo KIDS V100 Burel OG // Navy,0.999999999999999
Sanjo K100 // Burel Boletos,Sanjo K100 Burel OG // Black,0.999999999999999
Sanjo K100 // Burel Moss,Sanjo K100 Burel OG // Navy,0.999999999999999
Sanjo K100 // Burel Moss,Sanjo K100 Burel OG // Green,0.999999999999999
Sanjo K100 // Burel Moss,Sanjo K100 Burel OG // Yellow,0.999999999999999
Sanjo K100 // Burel Moss,Sanjo KIDS V100 Burel OG // Navy,0.999999999999999
Sanjo K100 // Burel Moss,Sanjo K100 Burel OG // Black,0.999999999999999
Sanjo Flocked Logo T-shirt // All Black,Sanjo Flocked Logo T-shirt //  Navy,1.0000000000000004
Sanjo Flocked Logo T-shirt // All Black,Sanjo Flocked Logo T-shirt //  White,1.0000000000000004
Sanjo Flocked Logo T-shirt // All Black,Sanjo K100 Patch Sweat // Green,1.0000000000000004
Sanjo Flocked Logo T-shirt // All Black,Sanjo Flocked Logo Hoodie // Black,1.0000000000000004
Sanjo Flocked Logo T-shirt // All Black,Sanjo Flocked Logo Hoodie // Grey,1.0000000000000004
Sanjo Flocked Logo T-shirt // All Black,Sanjo Flocked Logo Hoodie // Green,1.0000000000000004
Sanjo Flocked Logo T-shirt //  Navy,Sanjo Flocked Logo T-shirt //  White,1.0000000000000004
Sanjo Flocked Logo T-shirt //  Navy,Sanjo K100 Patch Sweat // Green,1.0000000000000004
Sanjo Flocked Logo T-shirt //  Navy,Sanjo Flocked Logo Hoodie // Black,1.0000000000000004
Sanjo Flocked Logo T-shirt //  Navy,Sanjo Flocked Logo Hoodie // Grey,1.0000000000000004
Sanjo Flocked Logo T-shirt //  Navy,Sanjo Flocked Logo Hoodie // Green,1.0000000000000004
Sanjo Flocked Logo T-shirt //  White,Sanjo K100 Patch Sweat // Green,1.0000000000000004
Sanjo Flocked Logo T-shirt //  White,Sanjo Flocked Logo Hoodie // Black,1.0000000000000004
Sanjo Flocked Logo T-shirt //  White,Sanjo Flocked Logo Hoodie // Grey,1.0000000000000004
Sanjo Flocked Logo T-shirt //  White,Sanjo Flocked Logo Hoodie // Green,1.0000000000000004
Sanjo K100 Patch Hoodie // Black,Sanjo K100 Patch Hoodie // Navy,1.0
Sanjo K100 Patch Hoodie // Black,Sanjo K100 Patch V3 Sweat  // Black,1.0
Sanjo K100 Patch Hoodie // Black,Sanjo Patch Classic T-shirt // Navy,1.0
Sanjo K100 Patch Hoodie // Black,Sanjo Patch Classic T-shirt // White,1.0
Sanjo K100 Patch Hoodie // Black,Sanjo Patch Classic T-shirt // Brown,1.0
Sanjo K100 Patch Hoodie // Black,Sanjo Patch Classic T-shirt // Ecru,1.0
Sanjo K100 Patch Hoodie // Black,Sanjo K100 Patch Sweat // Grey,1.0
Sanjo K100 Patch Hoodie // Black,Sanjo K100 Patch Sweat // Navy,1.0
Sanjo K100 Patch Hoodie // Black,Sanjo Patch Classic T-shirt // Black,1.0
Sanjo K100 Cordura // All Kaki,Sanjo K100 Cordura // Navy Multicolor,0.9716665305453291
Sanjo Relaxed Corduroy Trousers // Black,Sanjo Relaxed Corduroy Trousers // Ecru,0.9999999999999999
Sanjo Relaxed Corduroy Trousers // Black,Sanjo Relaxed Corduroy Trousers // Green,0.9999999999999999
Sanjo BSK 33 Low // Off White x Grey,Sanjo BSK 33 High // Off White x Grey,1.0000000000000004
Sanjo BSK 33 Low // Off White x Grey,Sanjo BSK 33 High // Off White x Bottle,1.0000000000000004
Sanjo BSK 33 Low // Off White x Grey,Sanjo BSK 33 High // Off White x Lilac,1.0000000000000004
Sanjo BSK 33 Low // Off White x Grey,Sanjo BSK 33 High Suede // Grey,1.0000000000000004
Sanjo BSK 33 Low // Off White x Grey,Sanjo BSK 33 High Suede // Multicolor,1.0000000000000004
Sanjo BSK 33 Low // Off White x Grey,Sanjo BSK 33 Low // Off White x Lilac,1.0000000000000004
Sanjo BSK 33 Low // Off White x Grey,Sanjo BSK 33 Low // Off White x Bottle,1.0000000000000004
Sanjo BSK 33 Low // Off White x Grey,Sanjo BSK 33 Low Suede // Grey,1.0000000000000004
Sanjo BSK 33 Low // Off White x Grey,Sanjo BSK 33 Low Suede // Light Multicolor,1.0000000000000004
Sanjo BSK 33 Low // Off White x Grey,Sanjo BSK 33 High OG // Wood,1.0000000000000004
Sanjo BSK 33 Low // Off White x Grey,Sanjo BSK 33 High OG // Grey,1.0000000000000004
Sanjo BSK 33 Low // Off White x Grey,Sanjo BSK 33 High OG // Green,1.0000000000000004
Sanjo BSK 33 Low // Off White x Grey,Sanjo BSK 33 Low OG // Wood,1.0000000000000004
Sanjo BSK 33 Low // Off White x Grey,Sanjo BSK 33 Low OG // Grey,1.0000000000000004
Sanjo BSK 33 Low // Off White x Grey,Sanjo BSK 33 Low OG // Green,1.0000000000000004
Sanjo BSK 33 Low // Off White x Grey,Sanjo BSK 33 High // White,1.0000000000000004
Sanjo BSK 33 Low // Off White x Grey,Sanjo BSK 33 High // Black,1.0000000000000004
Sanjo BSK 33 Low // Off White x Grey,Sanjo BSK 33 High Suede // Bush,1.0000000000000004
Sanjo BSK 33 Low // Off White x Grey,Sanjo BSK 33 High Suede // Brown,1.0000000000000004
Sanjo BSK 33 Low // Off White x Grey,Sanjo BSK 33 High Suede // Pearl Multicolor,1.0000000000000004
Sanjo BSK 33 Low // Off White x Grey,Sanjo BSK 33 Low // White,1.0000000000000004
Sanjo BSK 33 Low // Off White x Grey,Sanjo BSK 33 Low // Black,1.0000000000000004
Sanjo BSK 33 Low // Off White x Grey,Sanjo BSK 33 Low Suede // Bush,1.0000000000000004
Sanjo BSK 33 Low // Off White x Grey,Sanjo BSK 33 Low Suede // Brown,1.0000000000000004
Sanjo BSK 33 Low // Off White x Grey,Sanjo BSK 33 Low Suede // Pearl Multicolor,1.0000000000000004
Sanjo K100 Patch Hoodie // Navy,Sanjo K100 Patch V3 Sweat  // Black,1.0
Sanjo K100 Patch Hoodie // Navy,Sanjo Patch Classic T-shirt // Navy,1.0
Sanjo K100 Patch Hoodie // Navy,Sanjo Patch Classic T-shirt // White,1.0
Sanjo K100 Patch Hoodie // Navy,Sanjo Patch Classic T-shirt // Brown,1.0
Sanjo K100 Patch Hoodie // Navy,Sanjo Patch Classic T-shirt // Ecru,1.0
Sanjo K100 Patch Hoodie // Navy,Sanjo K100 Patch Sweat // Grey,1.0
Sanjo K100 Patch Hoodie // Navy,Sanjo K100 Patch Sweat // Navy,1.0
Sanjo K100 Patch Hoodie // Navy,Sanjo Patch Classic T-shirt // Black,1.0
Sanjo K100 Patch V3 Sweat  // Black,Sanjo Patch Classic T-shirt // Navy,1.0
Sanjo K100 Patch V3 Sweat  // Black,Sanjo Patch Classic T-shirt // White,1.0
Sanjo K100 Patch V3 Sweat  // Black,Sanjo Patch Classic T-shirt // Brown,1.0
Sanjo K100 Patch V3 Sweat  // Black,Sanjo Patch Classic T-shirt // Ecru,1.0
Sanjo K100 Patch V3 Sweat  // Black,Sanjo K100 Patch Sweat // Grey,1.0
Sanjo K100 Patch V3 Sweat  // Black,Sanjo K100 Patch Sweat // Navy,1.0
Sanjo K100 Patch V3 Sweat  // Black,Sanjo Patch Classic T-shirt // Black,1.0
Sanjo Patch Classic T-shirt // Navy,Sanjo Patch Classic T-shirt // White,1.0
Sanjo Patch Classic T-shirt // Navy,Sanjo Patch Classic T-shirt // Brown,1.0
Sanjo Patch Classic T-shirt // Navy,Sanjo Patch Classic T-shirt // Ecru,1.0
Sanjo Patch Classic T-shirt // Navy,Sanjo K100 Patch Sweat // Grey,1.0
Sanjo Patch Classic T-shirt // Navy,Sanjo K100 Patch Sweat // Navy,1.0
Sanjo Patch Classic T-shirt // Navy,Sanjo Patch Classic T-shirt // Black,1.0
Sanjo Patch Classic T-shirt // White,Sanjo Patch Classic T-shirt // Brown,1.0
Sanjo Patch Classic T-shirt // White,Sanjo Patch Classic T-shirt // Ecru,1.0
Sanjo Patch Classic T-shirt // White,Sanjo K100 Patch Sweat // Grey,1.0
Sanjo Patch Classic T-shirt // White,Sanjo K100 Patch Sweat // Navy,1.0
Sanjo Patch Classic T-shirt // White,Sanjo Patch Classic T-shirt // Black,1.0
Sanjo Patch Classic T-shirt // Brown,Sanjo Patch Classic T-shirt // Ecru,1.0
Sanjo Patch Classic T-shirt // Brown,Sanjo K100 Patch Sweat // Grey,1.0
Sanjo Patch Classic T-shirt // Brown,Sanjo K100 Patch Sweat // Navy,1.0
Sanjo Patch Classic T-shirt // Brown,Sanjo Patch Classic T-shirt // Black,1.0
Sanjo Patch Classic T-shirt // Ecru,Sanjo K100 Patch Sweat // Grey,1.0
Sanjo Patch Classic T-shirt // Ecru,Sanjo K100 Patch Sweat // Navy,1.0
Sanjo Patch Classic T-shirt // Ecru,Sanjo Patch Classic T-shirt // Black,1.0
Sanjo K100 Patch Sweat // Grey,Sanjo K100 Patch Sweat // Navy,1.0
Sanjo K100 Patch Sweat // Grey,Sanjo Patch Classic T-shirt // Black,1.0
Sanjo K100 Patch Sweat // Navy,Sanjo Patch Classic T-shirt // Black,1.0
Sanjo K100 Patch Sweat // Green,Sanjo Flocked Logo Hoodie // Black,1.0000000000000004
Sanjo K100 Patch Sweat // Green,Sanjo Flocked Logo Hoodie // Grey,1.0000000000000004
Sanjo K100 Patch Sweat // Green,Sanjo Flocked Logo Hoodie // Green,1.0000000000000004
Sanjo Flocked Logo Hoodie // Black,Sanjo Flocked Logo Hoodie // Grey,1.0000000000000004
Sanjo Flocked Logo Hoodie // Black,Sanjo Flocked Logo Hoodie // Green,1.0000000000000004
Sanjo Flocked Logo Hoodie // Grey,Sanjo Flocked Logo Hoodie // Green,1.0000000000000004
Sanjo Relaxed Corduroy Trousers // Ecru,Sanjo Relaxed Corduroy Trousers // Green,0.9999999999999999
Sanjo BSK 33 High // Off White x Grey,Sanjo BSK 33 High // Off White x Bottle,1.0000000000000004
Sanjo BSK 33 High // Off White x Grey,Sanjo BSK 33 High // Off White x Lilac,1.0000000000000004
Sanjo BSK 33 High // Off White x Grey,Sanjo BSK 33 High Suede // Grey,1.0000000000000004
Sanjo BSK 33 High // Off White x Grey,Sanjo BSK 33 High Suede // Multicolor,1.0000000000000004
Sanjo BSK 33 High // Off White x Grey,Sanjo BSK 33 Low // Off White x Lilac,1.0000000000000004
Sanjo BSK 33 High // Off White x Grey,Sanjo BSK 33 Low // Off White x Bottle,1.0000000000000004
Sanjo BSK 33 High // Off White x Grey,Sanjo BSK 33 Low Suede // Grey,1.0000000000000004
Sanjo BSK 33 High // Off White x Grey,Sanjo BSK 33 Low Suede // Light Multicolor,1.0000000000000004
Sanjo BSK 33 High // Off White x Grey,Sanjo BSK 33 High OG // Wood,1.0000000000000004
Sanjo BSK 33 High // Off White x Grey,Sanjo BSK 33 High OG // Grey,1.0000000000000004
Sanjo BSK 33 High // Off White x Grey,Sanjo BSK 33 High OG // Green,1.0000000000000004
Sanjo BSK 33 High // Off White x Grey,Sanjo BSK 33 Low OG // Wood,1.0000000000000004
Sanjo BSK 33 High // Off White x Grey,Sanjo BSK 33 Low OG // Grey,1.0000000000000004
Sanjo BSK 33 High // Off White x Grey,Sanjo BSK 33 Low OG // Green,1.0000000000000004
Sanjo BSK 33 High // Off White x Grey,Sanjo BSK 33 High // White,1.0000000000000004
Sanjo BSK 33 High // Off White x Grey,Sanjo BSK 33 High // Black,1.0000000000000004
Sanjo BSK 33 High // Off White x Grey,Sanjo BSK 33 High Suede // Bush,1.0000000000000004
Sanjo BSK 33 High // Off White x Grey,Sanjo BSK 33 High Suede // Brown,1.0000000000000004
Sanjo BSK 33 High // Off White x Grey,Sanjo BSK 33 High Suede // Pearl Multicolor,1.0000000000000004
Sanjo BSK 33 High // Off White x Grey,Sanjo BSK 33 Low // White,1.0000000000000004
Sanjo BSK 33 High // Off White x Grey,Sanjo BSK 33 Low // Black,1.0000000000000004
Sanjo BSK 33 High // Off White x Grey,Sanjo BSK 33 Low Suede // Bush,1.0000000000000004
Sanjo BSK 33 High // Off White x Grey,Sanjo BSK 33 Low Suede // Brown,1.0000000000000004
Sanjo BSK 33 High // Off White x Grey,Sanjo BSK 33 Low Suede // Pearl Multicolor,1.0000000000000004
Sanjo BSK 33 High // Off White x Bottle,Sanjo BSK 33 High // Off White x Lilac,1.0000000000000004
Sanjo BSK 33 High // Off White x Bottle,Sanjo BSK 33 High Suede // Grey,1.0000000000000004
Sanjo BSK 33 High // Off White x Bottle,Sanjo BSK 33 High Suede // Multicolor,1.0000000000000004
Sanjo BSK 33 High // Off White x Bottle,Sanjo BSK 33 Low // Off White x Lilac,1.0000000000000004
Sanjo BSK 33 High // Off White x Bottle,Sanjo BSK 33 Low // Off White x Bottle,1.0000000000000004
Sanjo BSK 33 High // Off White x Bottle,Sanjo BSK 33 Low Suede // Grey,1.0000000000000004
Sanjo BSK 33 High // Off White x Bottle,Sanjo BSK 33 Low Suede // Light Multicolor,1.0000000000000004
Sanjo BSK 33 High // Off White x Bottle,Sanjo BSK 33 High OG // Wood,1.0000000000000004
Sanjo BSK 33 High // Off White x Bottle,Sanjo BSK 33 High OG // Grey,1.0000000000000004
Sanjo BSK 33 High // Off White x Bottle,Sanjo BSK 33 High OG // Green,1.0000000000000004
Sanjo BSK 33 High // Off White x Bottle,Sanjo BSK 33 Low OG // Wood,1.0000000000000004
Sanjo BSK 33 High // Off White x Bottle,Sanjo BSK 33 Low OG // Grey,1.0000000000000004
Sanjo BSK 33 High // Off White x Bottle,Sanjo BSK 33 Low OG // Green,1.0000000000000004
Sanjo BSK 33 High // Off White x Bottle,Sanjo BSK 33 High // White,1.0000000000000004
Sanjo BSK 33 High // Off White x Bottle,Sanjo BSK 33 High // Black,1.0000000000000004
Sanjo BSK 33 High // Off White x Bottle,Sanjo BSK 33 High Suede // Bush,1.0000000000000004
Sanjo BSK 33 High // Off White x Bottle,Sanjo BSK 33 High Suede // Brown,1.0000000000000004
Sanjo BSK 33 High // Off White x Bottle,Sanjo BSK 33 High Suede // Pearl Multicolor,1.0000000000000004
Sanjo BSK 33 High // Off White x Bottle,Sanjo BSK 33 Low // White,1.0000000000000004
Sanjo BSK 33 High // Off White x Bottle,Sanjo BSK 33 Low // Black,1.0000000000000004
Sanjo BSK 33 High // Off White x Bottle,Sanjo BSK 33 Low Suede // Bush,1.0000000000000004
Sanjo BSK 33 High // Off White x Bottle,Sanjo BSK 33 Low Suede // Brown,1.0000000000000004
Sanjo BSK 33 High // Off White x Bottle,Sanjo BSK 33 Low Suede // Pearl Multicolor,1.0000000000000004
Sanjo BSK 33 High // Off White x Lilac,Sanjo BSK 33 High Suede // Grey,1.0000000000000004
Sanjo BSK 33 High // Off White x Lilac,Sanjo BSK 33 High Suede // Multicolor,1.0000000000000004
Sanjo BSK 33 High // Off White x Lilac,Sanjo BSK 33 Low // Off White x Lilac,1.0000000000000004
Sanjo BSK 33 High // Off White x Lilac,Sanjo BSK 33 Low // Off White x Bottle,1.0000000000000004
Sanjo BSK 33 High // Off White x Lilac,Sanjo BSK 33 Low Suede // Grey,1.0000000000000004
Sanjo BSK 33 High // Off White x Lilac,Sanjo BSK 33 Low Suede // Light Multicolor,1.0000000000000004
Sanjo BSK 33 High // Off White x Lilac,Sanjo BSK 33 High OG // Wood,1.0000000000000004
Sanjo BSK 33 High // Off White x Lilac,Sanjo BSK 33 High OG // Grey,1.0000000000000004
Sanjo BSK 33 High // Off White x Lilac,Sanjo BSK 33 High OG // Green,1.0000000000000004
Sanjo BSK 33 High // Off White x Lilac,Sanjo BSK 33 Low OG // Wood,1.0000000000000004
Sanjo BSK 33 High // Off White x Lilac,Sanjo BSK 33 Low OG // Grey,1.0000000000000004
Sanjo BSK 33 High // Off White x Lilac,Sanjo BSK 33 Low OG // Green,1.0000000000000004
Sanjo BSK 33 High // Off White x Lilac,Sanjo BSK 33 High // White,1.0000000000000004
Sanjo BSK 33 High // Off White x Lilac,Sanjo BSK 33 High // Black,1.0000000000000004
Sanjo BSK 33 High // Off White x Lilac,Sanjo BSK 33 High Suede // Bush,1.0000000000000004
Sanjo BSK 33 High // Off White x Lilac,Sanjo BSK 33 High Suede // Brown,1.0000000000000004
Sanjo BSK 33 High // Off White x Lilac,Sanjo BSK 33 High Suede // Pearl Multicolor,1.0000000000000004
Sanjo BSK 33 High // Off White x Lilac,Sanjo BSK 33 Low // White,1.0000000000000004
Sanjo BSK 33 High // Off White x Lilac,Sanjo BSK 33 Low // Black,1.0000000000000004
Sanjo BSK 33 High // Off White x Lilac,Sanjo BSK 33 Low Suede // Bush,1.0000000000000004
Sanjo BSK 33 High // Off White x Lilac,Sanjo BSK 33 Low Suede // Brown,1.0000000000000004
Sanjo BSK 33 High // Off White x Lilac,Sanjo BSK 33 Low Suede // Pearl Multicolor,1.0000000000000004
Sanjo BSK 33 High Suede // Grey,Sanjo BSK 33 High Suede // Multicolor,1.0000000000000004
Sanjo BSK 33 High Suede // Grey,Sanjo BSK 33 Low // Off White x Lilac,1.0000000000000004
Sanjo BSK 33 High Suede // Grey,Sanjo BSK 33 Low // Off White x Bottle,1.0000000000000004
Sanjo BSK 33 High Suede // Grey,Sanjo BSK 33 Low Suede // Grey,1.0000000000000004
Sanjo BSK 33 High Suede // Grey,Sanjo BSK 33 Low Suede // Light Multicolor,1.0000000000000004
Sanjo BSK 33 High Suede // Grey,Sanjo BSK 33 High OG // Wood,1.0000000000000004
Sanjo BSK 33 High Suede // Grey,Sanjo BSK 33 High OG // Grey,1.0000000000000004
Sanjo BSK 33 High Suede // Grey,Sanjo BSK 33 High OG // Green,1.0000000000000004
Sanjo BSK 33 High Suede // Grey,Sanjo BSK 33 Low OG // Wood,1.0000000000000004
Sanjo BSK 33 High Suede // Grey,Sanjo BSK 33 Low OG // Grey,1.0000000000000004
Sanjo BSK 33 High Suede // Grey,Sanjo BSK 33 Low OG // Green,1.0000000000000004
Sanjo BSK 33 High Suede // Grey,Sanjo BSK 33 High // White,1.0000000000000004
Sanjo BSK 33 High Suede // Grey,Sanjo BSK 33 High // Black,1.0000000000000004
Sanjo BSK 33 High Suede // Grey,Sanjo BSK 33 High Suede // Bush,1.0000000000000004
Sanjo BSK 33 High Suede // Grey,Sanjo BSK 33 High Suede // Brown,1.0000000000000004
Sanjo BSK 33 High Suede // Grey,Sanjo BSK 33 High Suede // Pearl Multicolor,1.0000000000000004
Sanjo BSK 33 High Suede // Grey,Sanjo BSK 33 Low // White,1.0000000000000004
Sanjo BSK 33 High Suede // Grey,Sanjo BSK 33 Low // Black,1.0000000000000004
Sanjo BSK 33 High Suede // Grey,Sanjo BSK 33 Low Suede // Bush,1.0000000000000004
Sanjo BSK 33 High Suede // Grey,Sanjo BSK 33 Low Suede // Brown,1.0000000000000004
Sanjo BSK 33 High Suede // Grey,Sanjo BSK 33 Low Suede // Pearl Multicolor,1.0000000000000004
Sanjo BSK 33 High Suede // Multicolor,Sanjo BSK 33 Low // Off White x Lilac,1.0000000000000004
Sanjo BSK 33 High Suede // Multicolor,Sanjo BSK 33 Low // Off White x Bottle,1.0000000000000004
Sanjo BSK 33 High Suede // Multicolor,Sanjo BSK 33 Low Suede // Grey,1.0000000000000004
Sanjo BSK 33 High Suede // Multicolor,Sanjo BSK 33 Low Suede // Light Multicolor,1.0000000000000004
Sanjo BSK 33 High Suede // Multicolor,Sanjo BSK 33 High OG // Wood,1.0000000000000004
Sanjo BSK 33 High Suede // Multicolor,Sanjo BSK 33 High OG // Grey,1.0000000000000004
Sanjo BSK 33 High Suede // Multicolor,Sanjo BSK 33 High OG // Green,1.0000000000000004
Sanjo BSK 33 High Suede // Multicolor,Sanjo BSK 33 Low OG // Wood,1.0000000000000004
Sanjo BSK 33 High Suede // Multicolor,Sanjo BSK 33 Low OG // Grey,1.0000000000000004
Sanjo BSK 33 High Suede // Multicolor,Sanjo BSK 33 Low OG // Green,1.0000000000000004
Sanjo BSK 33 High Suede // Multicolor,Sanjo BSK 33 High // White,1.0000000000000004
Sanjo BSK 33 High Suede // Multicolor,Sanjo BSK 33 High // Black,1.0000000000000004
Sanjo BSK 33 High Suede // Multicolor,Sanjo BSK 33 High Suede // Bush,1.0000000000000004
Sanjo BSK 33 High Suede // Multicolor,Sanjo BSK 33 High Suede // Brown,1.0000000000000004
Sanjo BSK 33 High Suede // Multicolor,Sanjo BSK 33 High Suede // Pearl Multicolor,1.0000000000000004
Sanjo BSK 33 High Suede // Multicolor,Sanjo BSK 33 Low // White,1.0000000000000004
Sanjo BSK 33 High Suede // Multicolor,Sanjo BSK 33 Low // Black,1.0000000000000004
Sanjo BSK 33 High Suede // Multicolor,Sanjo BSK 33 Low Suede // Bush,1.0000000000000004
Sanjo BSK 33 High Suede // Multicolor,Sanjo BSK 33 Low Suede // Brown,1.0000000000000004
Sanjo BSK 33 High Suede // Multicolor,Sanjo BSK 33 Low Suede // Pearl Multicolor,1.0000000000000004
Sanjo BSK 33 Low // Off White x Lilac,Sanjo BSK 33 Low // Off White x Bottle,1.0000000000000004
Sanjo BSK 33 Low // Off White x Lilac,Sanjo BSK 33 Low Suede // Grey,1.0000000000000004
Sanjo BSK 33 Low // Off White x Lilac,Sanjo BSK 33 Low Suede // Light Multicolor,1.0000000000000004
Sanjo BSK 33 Low // Off White x Lilac,Sanjo BSK 33 High OG // Wood,1.0000000000000004
Sanjo BSK 33 Low // Off White x Lilac,Sanjo BSK 33 High OG // Grey,1.0000000000000004
Sanjo BSK 33 Low // Off White x Lilac,Sanjo BSK 33 High OG // Green,1.0000000000000004
Sanjo BSK 33 Low // Off White x Lilac,Sanjo BSK 33 Low OG // Wood,1.0000000000000004
Sanjo BSK 33 Low // Off White x Lilac,Sanjo BSK 33 Low OG // Grey,1.0000000000000004
Sanjo BSK 33 Low // Off White x Lilac,Sanjo BSK 33 Low OG // Green,1.0000000000000004
Sanjo BSK 33 Low // Off White x Lilac,Sanjo BSK 33 High // White,1.0000000000000004
Sanjo BSK 33 Low // Off White x Lilac,Sanjo BSK 33 High // Black,1.0000000000000004
Sanjo BSK 33 Low // Off White x Lilac,Sanjo BSK 33 High Suede // Bush,1.0000000000000004
Sanjo BSK 33 Low // Off White x Lilac,Sanjo BSK 33 High Suede // Brown,1.0000000000000004
Sanjo BSK 33 Low // Off White x Lilac,Sanjo BSK 33 High Suede // Pearl Multicolor,1.0000000000000004
Sanjo BSK 33 Low // Off White x Lilac,Sanjo BSK 33 Low // White,1.0000000000000004
Sanjo BSK 33 Low // Off White x Lilac,Sanjo BSK 33 Low // Black,1.0000000000000004
Sanjo BSK 33 Low // Off White x Lilac,Sanjo BSK 33 Low Suede // Bush,1.0000000000000004
Sanjo BSK 33 Low // Off White x Lilac,Sanjo BSK 33 Low Suede // Brown,1.0000000000000004
Sanjo BSK 33 Low // Off White x Lilac,Sanjo BSK 33 Low Suede // Pearl Multicolor,1.0000000000000004
Sanjo BSK 33 Low // Off White x Bottle,Sanjo BSK 33 Low Suede // Grey,1.0000000000000004
Sanjo BSK 33 Low // Off White x Bottle,Sanjo BSK 33 Low Suede // Light Multicolor,1.0000000000000004
Sanjo BSK 33 Low // Off White x Bottle,Sanjo BSK 33 High OG // Wood,1.0000000000000004
Sanjo BSK 33 Low // Off White x Bottle,Sanjo BSK 33 High OG // Grey,1.0000000000000004
Sanjo BSK 33 Low // Off White x Bottle,Sanjo BSK 33 High OG // Green,1.0000000000000004
Sanjo BSK 33 Low // Off White x Bottle,Sanjo BSK 33 Low OG // Wood,1.0000000000000004
Sanjo BSK 33 Low // Off White x Bottle,Sanjo BSK 33 Low OG // Grey,1.0000000000000004
Sanjo BSK 33 Low // Off White x Bottle,Sanjo BSK 33 Low OG // Green,1.0000000000000004
Sanjo BSK 33 Low // Off White x Bottle,Sanjo BSK 33 High // White,1.0000000000000004
Sanjo BSK 33 Low // Off White x Bottle,Sanjo BSK 33 High // Black,1.0000000000000004
Sanjo BSK 33 Low // Off White x Bottle,Sanjo BSK 33 High Suede // Bush,1.0000000000000004
Sanjo BSK 33 Low // Off White x Bottle,Sanjo BSK 33 High Suede // Brown,1.0000000000000004
Sanjo BSK 33 Low // Off White x Bottle,Sanjo BSK 33 High Suede // Pearl Multicolor,1.0000000000000004
Sanjo BSK 33 Low // Off White x Bottle,Sanjo BSK 33 Low // White,1.0000000000000004
Sanjo BSK 33 Low // Off White x Bottle,Sanjo BSK 33 Low // Black,1.0000000000000004
Sanjo BSK 33 Low // Off White x Bottle,Sanjo BSK 33 Low Suede // Bush,1.0000000000000004
Sanjo BSK 33 Low // Off White x Bottle,Sanjo BSK 33 Low Suede // Brown,1.0000000000000004
Sanjo BSK 33 Low // Off White x Bottle,Sanjo BSK 33 Low Suede // Pearl Multicolor,1.0000000000000004
Sanjo BSK 33 Low Suede // Grey,Sanjo BSK 33 Low Suede // Light Multicolor,1.0000000000000004
Sanjo BSK 33 Low Suede // Grey,Sanjo BSK 33 High OG // Wood,1.0000000000000004
Sanjo BSK 33 Low Suede // Grey,Sanjo BSK 33 High OG // Grey,1.0000000000000004
Sanjo BSK 33 Low Suede // Grey,Sanjo BSK 33 High OG // Green,1.0000000000000004
Sanjo BSK 33 Low Suede // Grey,Sanjo BSK 33 Low OG // Wood,1.0000000000000004
Sanjo BSK 33 Low Suede // Grey,Sanjo BSK 33 Low OG // Grey,1.0000000000000004
Sanjo BSK 33 Low Suede // Grey,Sanjo BSK 33 Low OG // Green,1.0000000000000004
Sanjo BSK 33 Low Suede // Grey,Sanjo BSK 33 High // White,1.0000000000000004
Sanjo BSK 33 Low Suede // Grey,Sanjo BSK 33 High // Black,1.0000000000000004
Sanjo BSK 33 Low Suede // Grey,Sanjo BSK 33 High Suede // Bush,1.0000000000000004
Sanjo BSK 33 Low Suede // Grey,Sanjo BSK 33 High Suede // Brown,1.0000000000000004
Sanjo BSK 33 Low Suede // Grey,Sanjo BSK 33 High Suede // Pearl Multicolor,1.0000000000000004
Sanjo BSK 33 Low Suede // Grey,Sanjo BSK 33 Low // White,1.0000000000000004
Sanjo BSK 33 Low Suede // Grey,Sanjo BSK 33 Low // Black,1.0000000000000004
Sanjo BSK 33 Low Suede // Grey,Sanjo BSK 33 Low Suede // Bush,1.0000000000000004
Sanjo BSK 33 Low Suede // Grey,Sanjo BSK 33 Low Suede // Brown,1.0000000000000004
Sanjo BSK 33 Low Suede // Grey,Sanjo BSK 33 Low Suede // Pearl Multicolor,1.0000000000000004
Sanjo K100 Burel OG // Navy,Sanjo K100 Burel OG // Green,0.999999999999999
Sanjo K100 Burel OG // Navy,Sanjo K100 Burel OG // Yellow,0.999999999999999
Sanjo K100 Burel OG // Navy,Sanjo KIDS V100 Burel OG // Navy,0.999999999999999
Sanjo K100 Burel OG // Navy,Sanjo K100 Burel OG // Black,0.999999999999999
Sanjo K100 Burel OG // Green,Sanjo K100 Burel OG // Yellow,0.999999999999999
Sanjo K100 Burel OG // Green,Sanjo KIDS V100 Burel OG // Navy,0.999999999999999
Sanjo K100 Burel OG // Green,Sanjo K100 Burel OG // Black,0.999999999999999
Sanjo K100 Burel OG // Yellow,Sanjo KIDS V100 Burel OG // Navy,0.999999999999999
Sanjo K100 Burel OG // Yellow,Sanjo K100 Burel OG // Black,0.999999999999999
Sanjo K100 Bombazine // Brown,Sanjo K200 Bombazine // Brown,0.9999999999999996
Sanjo K100 Bombazine // Brown,Sanjo K100 Bombazine // Toffe Tricolor,0.9999999999999996
Sanjo K100 Bombazine // Brown,Sanjo K100 Bombazine // Olive,0.9999999999999996
Sanjo K100 Bombazine // Brown,Sanjo K100 Bombazine // Sky Tricolor,0.9999999999999996
Sanjo K100 Bombazine // Brown,Sanjo K100 Bombazine // Ecru,0.9999999999999996
Sanjo K100 Bombazine // Brown,Sanjo K200 Bombazine // Toffe Tricolor,0.9999999999999996
Sanjo K100 Bombazine // Brown,Sanjo K200 Bombazine // Olive,0.9999999999999996
Sanjo K100 Bombazine // Brown,Sanjo K200 Bombazine // Sky Tricolor,0.9999999999999996
Sanjo K100 Bombazine // Brown,Sanjo Kids V100 Bombazine // Toffe Tricolor,0.9999999999999996
Sanjo K100 Bombazine // Brown,Sanjo Kids V100 Bombazine // Sky Tricolor,0.9999999999999996
Sanjo K100 Bombazine // Brown,Sanjo Kids V100 Bombazine // Ecru,0.9999999999999996
Sanjo K100 Bombazine // Brown,Sanjo Kids V100 Bombazine // Olive,0.9999999999999996
Sanjo K200 Bombazine // Brown,Sanjo K100 Bombazine // Toffe Tricolor,0.9999999999999996
Sanjo K200 Bombazine // Brown,Sanjo K100 Bombazine // Olive,0.9999999999999996
Sanjo K200 Bombazine // Brown,Sanjo K100 Bombazine // Sky Tricolor,0.9999999999999996
Sanjo K200 Bombazine // Brown,Sanjo K100 Bombazine // Ecru,0.9999999999999996
Sanjo K200 Bombazine // Brown,Sanjo K200 Bombazine // Toffe Tricolor,0.9999999999999996
Sanjo K200 Bombazine // Brown,Sanjo K200 Bombazine // Olive,0.9999999999999996
Sanjo K200 Bombazine // Brown,Sanjo K200 Bombazine // Sky Tricolor,0.9999999999999996
Sanjo K200 Bombazine // Brown,Sanjo Kids V100 Bombazine // Toffe Tricolor,0.9999999999999996
Sanjo K200 Bombazine // Brown,Sanjo Kids V100 Bombazine // Sky Tricolor,0.9999999999999996
Sanjo K200 Bombazine // Brown,Sanjo Kids V100 Bombazine // Ecru,0.9999999999999996
Sanjo K200 Bombazine // Brown,Sanjo Kids V100 Bombazine // Olive,0.9999999999999996
Sanjo KIDS V100 Burel OG // Navy,Sanjo K100 Burel OG // Black,0.999999999999999
Sanjo BSK 33 Low Suede // Light Multicolor,Sanjo BSK 33 High OG // Wood,1.0000000000000004
Sanjo BSK 33 Low Suede // Light Multicolor,Sanjo BSK 33 High OG // Grey,1.0000000000000004
Sanjo BSK 33 Low Suede // Light Multicolor,Sanjo BSK 33 High OG // Green,1.0000000000000004
Sanjo BSK 33 Low Suede // Light Multicolor,Sanjo BSK 33 Low OG // Wood,1.0000000000000004
Sanjo BSK 33 Low Suede // Light Multicolor,Sanjo BSK 33 Low OG // Grey,1.0000000000000004
Sanjo BSK 33 Low Suede // Light Multicolor,Sanjo BSK 33 Low OG // Green,1.0000000000000004
Sanjo BSK 33 Low Suede // Light Multicolor,Sanjo BSK 33 High // White,1.0000000000000004
Sanjo BSK 33 Low Suede // Light Multicolor,Sanjo BSK 33 High // Black,1.0000000000000004
Sanjo BSK 33 Low Suede // Light Multicolor,Sanjo BSK 33 High Suede // Bush,1.0000000000000004
Sanjo BSK 33 Low Suede // Light Multicolor,Sanjo BSK 33 High Suede // Brown,1.0000000000000004
Sanjo BSK 33 Low Suede // Light Multicolor,Sanjo BSK 33 High Suede // Pearl Multicolor,1.0000000000000004
Sanjo BSK 33 Low Suede // Light Multicolor,Sanjo BSK 33 Low // White,1.0000000000000004
Sanjo BSK 33 Low Suede // Light Multicolor,Sanjo BSK 33 Low // Black,1.0000000000000004
Sanjo BSK 33 Low Suede // Light Multicolor,Sanjo BSK 33 Low Suede // Bush,1.0000000000000004
Sanjo BSK 33 Low Suede // Light Multicolor,Sanjo BSK 33 Low Suede // Brown,1.0000000000000004
Sanjo BSK 33 Low Suede // Light Multicolor,Sanjo BSK 33 Low Suede // Pearl Multicolor,1.0000000000000004
Sanjo BSK 33 High OG // Wood,Sanjo BSK 33 High OG // Grey,1.0000000000000004
Sanjo BSK 33 High OG // Wood,Sanjo BSK 33 High OG // Green,1.0000000000000004
Sanjo BSK 33 High OG // Wood,Sanjo BSK 33 Low OG // Wood,1.0000000000000004
Sanjo BSK 33 High OG // Wood,Sanjo BSK 33 Low OG // Grey,1.0000000000000004
Sanjo BSK 33 High OG // Wood,Sanjo BSK 33 Low OG // Green,1.0000000000000004
Sanjo BSK 33 High OG // Wood,Sanjo BSK 33 High // White,1.0000000000000004
Sanjo BSK 33 High OG // Wood,Sanjo BSK 33 High // Black,1.0000000000000004
Sanjo BSK 33 High OG // Wood,Sanjo BSK 33 High Suede // Bush,1.0000000000000004
Sanjo BSK 33 High OG // Wood,Sanjo BSK 33 High Suede // Brown,1.0000000000000004
Sanjo BSK 33 High OG // Wood,Sanjo BSK 33 High Suede // Pearl Multicolor,1.0000000000000004
Sanjo BSK 33 High OG // Wood,Sanjo BSK 33 Low // White,1.0000000000000004
Sanjo BSK 33 High OG // Wood,Sanjo BSK 33 Low // Black,1.0000000000000004
Sanjo BSK 33 High OG // Wood,Sanjo BSK 33 Low Suede // Bush,1.0000000000000004
Sanjo BSK 33 High OG // Wood,Sanjo BSK 33 Low Suede // Brown,1.0000000000000004
Sanjo BSK 33 High OG // Wood,Sanjo BSK 33 Low Suede // Pearl Multicolor,1.0000000000000004
Sanjo BSK 33 High OG // Grey,Sanjo BSK 33 High OG // Green,1.0000000000000004
Sanjo BSK 33 High OG // Grey,Sanjo BSK 33 Low OG // Wood,1.0000000000000004
Sanjo BSK 33 High OG // Grey,Sanjo BSK 33 Low OG // Grey,1.0000000000000004
Sanjo BSK 33 High OG // Grey,Sanjo BSK 33 Low OG // Green,1.0000000000000004
Sanjo BSK 33 High OG // Grey,Sanjo BSK 33 High // White,1.0000000000000004
Sanjo BSK 33 High OG // Grey,Sanjo BSK 33 High // Black,1.0000000000000004
Sanjo BSK 33 High OG // Grey,Sanjo BSK 33 High Suede // Bush,1.0000000000000004
Sanjo BSK 33 High OG // Grey,Sanjo BSK 33 High Suede // Brown,1.0000000000000004
Sanjo BSK 33 High OG // Grey,Sanjo BSK 33 High Suede // Pearl Multicolor,1.0000000000000004
Sanjo BSK 33 High OG // Grey,Sanjo BSK 33 Low // White,1.0000000000000004
Sanjo BSK 33 High OG // Grey,Sanjo BSK 33 Low // Black,1.0000000000000004
Sanjo BSK 33 High OG // Grey,Sanjo BSK 33 Low Suede // Bush,1.0000000000000004
Sanjo BSK 33 High OG // Grey,Sanjo BSK 33 Low Suede // Brown,1.0000000000000004
Sanjo BSK 33 High OG // Grey,Sanjo BSK 33 Low Suede // Pearl Multicolor,1.0000000000000004
Sanjo BSK 33 High OG // Green,Sanjo BSK 33 Low OG // Wood,1.0000000000000004
Sanjo BSK 33 High OG // Green,Sanjo BSK 33 Low OG // Grey,1.0000000000000004
Sanjo BSK 33 High OG // Green,Sanjo BSK 33 Low OG // Green,1.0000000000000004
Sanjo BSK 33 High OG // Green,Sanjo BSK 33 High // White,1.0000000000000004
Sanjo BSK 33 High OG // Green,Sanjo BSK 33 High // Black,1.0000000000000004
Sanjo BSK 33 High OG // Green,Sanjo BSK 33 High Suede // Bush,1.0000000000000004
Sanjo BSK 33 High OG // Green,Sanjo BSK 33 High Suede // Brown,1.0000000000000004
Sanjo BSK 33 High OG // Green,Sanjo BSK 33 High Suede // Pearl Multicolor,1.0000000000000004
Sanjo BSK 33 High OG // Green,Sanjo BSK 33 Low // White,1.0000000000000004
Sanjo BSK 33 High OG // Green,Sanjo BSK 33 Low // Black,1.0000000000000004
Sanjo BSK 33 High OG // Green,Sanjo BSK 33 Low Suede // Bush,1.0000000000000004
Sanjo BSK 33 High OG // Green,Sanjo BSK 33 Low Suede // Brown,1.0000000000000004
Sanjo BSK 33 High OG // Green,Sanjo BSK 33 Low Suede // Pearl Multicolor,1.0000000000000004
Sanjo BSK 33 Low OG // Wood,Sanjo BSK 33 Low OG // Grey,1.0000000000000004
Sanjo BSK 33 Low OG // Wood,Sanjo BSK 33 Low OG // Green,1.0000000000000004
Sanjo BSK 33 Low OG // Wood,Sanjo BSK 33 High // White,1.0000000000000004
Sanjo BSK 33 Low OG // Wood,Sanjo BSK 33 High // Black,1.0000000000000004
Sanjo BSK 33 Low OG // Wood,Sanjo BSK 33 High Suede // Bush,1.0000000000000004
Sanjo BSK 33 Low OG // Wood,Sanjo BSK 33 High Suede // Brown,1.0000000000000004
Sanjo BSK 33 Low OG // Wood,Sanjo BSK 33 High Suede // Pearl Multicolor,1.0000000000000004
Sanjo BSK 33 Low OG // Wood,Sanjo BSK 33 Low // White,1.0000000000000004
Sanjo BSK 33 Low OG // Wood,Sanjo BSK 33 Low // Black,1.0000000000000004
Sanjo BSK 33 Low OG // Wood,Sanjo BSK 33 Low Suede // Bush,1.0000000000000004
Sanjo BSK 33 Low OG // Wood,Sanjo BSK 33 Low Suede // Brown,1.0000000000000004
Sanjo BSK 33 Low OG // Wood,Sanjo BSK 33 Low Suede // Pearl Multicolor,1.0000000000000004
Sanjo BSK 33 Low OG // Grey,Sanjo BSK 33 Low OG // Green,1.0000000000000004
Sanjo BSK 33 Low OG // Grey,Sanjo BSK 33 High // White,1.0000000000000004
Sanjo BSK 33 Low OG // Grey,Sanjo BSK 33 High // Black,1.0000000000000004
Sanjo BSK 33 Low OG // Grey,Sanjo BSK 33 High Suede // Bush,1.0000000000000004
Sanjo BSK 33 Low OG // Grey,Sanjo BSK 33 High Suede // Brown,1.0000000000000004
Sanjo BSK 33 Low OG // Grey,Sanjo BSK 33 High Suede // Pearl Multicolor,1.0000000000000004
Sanjo BSK 33 Low OG // Grey,Sanjo BSK 33 Low // White,1.0000000000000004
Sanjo BSK 33 Low OG // Grey,Sanjo BSK 33 Low // Black,1.0000000000000004
Sanjo BSK 33 Low OG // Grey,Sanjo BSK 33 Low Suede // Bush,1.0000000000000004
Sanjo BSK 33 Low OG // Grey,Sanjo BSK 33 Low Suede // Brown,1.0000000000000004
Sanjo BSK 33 Low OG // Grey,Sanjo BSK 33 Low Suede // Pearl Multicolor,1.0000000000000004
Sanjo BSK 33 Low OG // Green,Sanjo BSK 33 High // White,1.0000000000000004
Sanjo BSK 33 Low OG // Green,Sanjo BSK 33 High // Black,1.0000000000000004
Sanjo BSK 33 Low OG // Green,Sanjo BSK 33 High Suede // Bush,1.0000000000000004
Sanjo BSK 33 Low OG // Green,Sanjo BSK 33 High Suede // Brown,1.0000000000000004
Sanjo BSK 33 Low OG // Green,Sanjo BSK 33 High Suede // Pearl Multicolor,1.0000000000000004
Sanjo BSK 33 Low OG // Green,Sanjo BSK 33 Low // White,1.0000000000000004
Sanjo BSK 33 Low OG // Green,Sanjo BSK 33 Low // Black,1.0000000000000004
Sanjo BSK 33 Low OG // Green,Sanjo BSK 33 Low Suede // Bush,1.0000000000000004
Sanjo BSK 33 Low OG // Green,Sanjo BSK 33 Low Suede // Brown,1.0000000000000004
Sanjo BSK 33 Low OG // Green,Sanjo BSK 33 Low Suede // Pearl Multicolor,1.0000000000000004
Sanjo Still Fresh Socks // Ecru & Brown (Pack 2),Sanjo Still Fresh Socks // Green & Ecru Pack (Pack 2),0.9256362387157013
Sanjo Desert Leather // Brown,Sanjo Desert Leather // Black,0.9999999999999996
Sanjo Desert Leather // Brown,Sanjo Desert // Olive,0.9999999999999996
Sanjo Desert Leather // Black,Sanjo Desert // Olive,0.9999999999999996
Sanjo K330 Cordura Pro // Navy Multicolor,Sanjo K330 Cordura Pro // Taupe,1.0000000000000002
Sanjo K330 Cordura Pro // Navy Multicolor,Sanjo K330 Cordura Pro // Black Gum,0.8636633614720407
Sanjo K330 Cordura Pro // Navy Multicolor,Sanjo K230 Cordura Pro // Navy Multicolor,0.8636633614720407
Sanjo K330 Cordura Pro // Navy Multicolor,Sanjo K230 Cordura Pro // Black Gum,0.8636633614720407
Sanjo K330 Cordura Pro // Navy Multicolor,Sanjo K230 Cordura Pro // Taupe,0.8636633614720407
Sanjo K330 Cordura Pro // Taupe,Sanjo K330 Cordura Pro // Black Gum,0.8636633614720407
Sanjo K330 Cordura Pro // Taupe,Sanjo K230 Cordura Pro // Navy Multicolor,0.8636633614720407
Sanjo K330 Cordura Pro // Taupe,Sanjo K230 Cordura Pro // Black Gum,0.8636633614720407
Sanjo K330 Cordura Pro // Taupe,Sanjo K230 Cordura Pro // Taupe,0.8636633614720407
Sanjo K330 Cordura Pro // Black Gum,Sanjo K230 Cordura Pro // Navy Multicolor,1.0000000000000002
Sanjo K330 Cordura Pro // Black Gum,Sanjo K230 Cordura Pro // Black Gum,1.0000000000000002
Sanjo K330 Cordura Pro // Black Gum,Sanjo K230 Cordura Pro // Taupe,1.0000000000000002
Sanjo K230 Cordura Pro // Navy Multicolor,Sanjo K230 Cordura Pro // Black Gum,1.0000000000000002
Sanjo K230 Cordura Pro // Navy Multicolor,Sanjo K230 Cordura Pro // Taupe,1.0000000000000002
Sanjo K230 Cordura Pro // Black Gum,Sanjo K230 Cordura Pro // Taupe,1.0000000000000002
Sanjo BSK 33 High // White,Sanjo BSK 33 High // Black,1.0000000000000004
Sanjo BSK 33 High // White,Sanjo BSK 33 High Suede // Bush,1.0000000000000004
Sanjo BSK 33 High // White,Sanjo BSK 33 High Suede // Brown,1.0000000000000004
Sanjo BSK 33 High // White,Sanjo BSK 33 High Suede // Pearl Multicolor,1.0000000000000004
Sanjo BSK 33 High // White,Sanjo BSK 33 Low // White,1.0000000000000004
Sanjo BSK 33 High // White,Sanjo BSK 33 Low // Black,1.0000000000000004
Sanjo BSK 33 High // White,Sanjo BSK 33 Low Suede // Bush,1.0000000000000004
Sanjo BSK 33 High // White,Sanjo BSK 33 Low Suede // Brown,1.0000000000000004
Sanjo BSK 33 High // White,Sanjo BSK 33 Low Suede // Pearl Multicolor,1.0000000000000004
Sanjo BSK 33 High // Black,Sanjo BSK 33 High Suede // Bush,1.0000000000000004
Sanjo BSK 33 High // Black,Sanjo BSK 33 High Suede // Brown,1.0000000000000004
Sanjo BSK 33 High // Black,Sanjo BSK 33 High Suede // Pearl Multicolor,1.0000000000000004
Sanjo BSK 33 High // Black,Sanjo BSK 33 Low // White,1.0000000000000004
Sanjo BSK 33 High // Black,Sanjo BSK 33 Low // Black,1.0000000000000004
Sanjo BSK 33 High // Black,Sanjo BSK 33 Low Suede // Bush,1.0000000000000004
Sanjo BSK 33 High // Black,Sanjo BSK 33 Low Suede // Brown,1.0000000000000004
Sanjo BSK 33 High // Black,Sanjo BSK 33 Low Suede // Pearl Multicolor,1.0000000000000004
Sanjo BSK 33 High Suede // Bush,Sanjo BSK 33 High Suede // Brown,1.0000000000000004
Sanjo BSK 33 High Suede // Bush,Sanjo BSK 33 High Suede // Pearl Multicolor,1.0000000000000004
Sanjo BSK 33 High Suede // Bush,Sanjo BSK 33 Low // White,1.0000000000000004
Sanjo BSK 33 High Suede // Bush,Sanjo BSK 33 Low // Black,1.0000000000000004
Sanjo BSK 33 High Suede // Bush,Sanjo BSK 33 Low Suede // Bush,1.0000000000000004
Sanjo BSK 33 High Suede // Bush,Sanjo BSK 33 Low Suede // Brown,1.0000000000000004
Sanjo BSK 33 High Suede // Bush,Sanjo BSK 33 Low Suede // Pearl Multicolor,1.0000000000000004
Sanjo BSK 33 High Suede // Brown,Sanjo BSK 33 High Suede // Pearl Multicolor,1.0000000000000004
Sanjo BSK 33 High Suede // Brown,Sanjo BSK 33 Low // White,1.0000000000000004
Sanjo BSK 33 High Suede // Brown,Sanjo BSK 33 Low // Black,1.0000000000000004
Sanjo BSK 33 High Suede // Brown,Sanjo BSK 33 Low Suede // Bush,1.0000000000000004
Sanjo BSK 33 High Suede // Brown,Sanjo BSK 33 Low Suede // Brown,1.0000000000000004
Sanjo BSK 33 High Suede // Brown,Sanjo BSK 33 Low Suede // Pearl Multicolor,1.0000000000000004
Sanjo BSK 33 High Suede // Pearl Multicolor,Sanjo BSK 33 Low // White,1.0000000000000004
Sanjo BSK 33 High Suede // Pearl Multicolor,Sanjo BSK 33 Low // Black,1.0000000000000004
Sanjo BSK 33 High Suede // Pearl Multicolor,Sanjo BSK 33 Low Suede // Bush,1.0000000000000004
Sanjo BSK 33 High Suede // Pearl Multicolor,Sanjo BSK 33 Low Suede // Brown,1.0000000000000004
Sanjo BSK 33 High Suede // Pearl Multicolor,Sanjo BSK 33 Low Suede // Pearl Multicolor,1.0000000000000004
Sanjo BSK 33 Low // White,Sanjo BSK 33 Low // Black,1.0000000000000004
Sanjo BSK 33 Low // White,Sanjo BSK 33 Low Suede // Bush,1.0000000000000004
Sanjo BSK 33 Low // White,Sanjo BSK 33 Low Suede // Brown,1.0000000000000004
Sanjo BSK 33 Low // White,Sanjo BSK 33 Low Suede // Pearl Multicolor,1.0000000000000004
Sanjo BSK 33 Low // Black,Sanjo BSK 33 Low Suede // Bush,1.0000000000000004
Sanjo BSK 33 Low // Black,Sanjo BSK 33 Low Suede // Brown,1.0000000000000004
Sanjo BSK 33 Low // Black,Sanjo BSK 33 Low Suede // Pearl Multicolor,1.0000000000000004
Sanjo BSK 33 Low Suede // Bush,Sanjo BSK 33 Low Suede // Brown,1.0000000000000004
Sanjo BSK 33 Low Suede // Bush,Sanjo BSK 33 Low Suede // Pearl Multicolor,1.0000000000000004
Sanjo BSK 33 Low Suede // Brown,Sanjo BSK 33 Low Suede // Pearl Multicolor,1.0000000000000004
Sanjo K100 Bombazine // Toffe Tricolor,Sanjo K100 Bombazine // Olive,0.9999999999999996
Sanjo K100 Bombazine // Toffe Tricolor,Sanjo K100 Bombazine // Sky Tricolor,0.9999999999999996
Sanjo K100 Bombazine // Toffe Tricolor,Sanjo K100 Bombazine // Ecru,0.9999999999999996
Sanjo K100 Bombazine // Toffe Tricolor,Sanjo K200 Bombazine // Toffe Tricolor,0.9999999999999996
Sanjo K100 Bombazine // Toffe Tricolor,Sanjo K200 Bombazine // Olive,0.9999999999999996
Sanjo K100 Bombazine // Toffe Tricolor,Sanjo K200 Bombazine // Sky Tricolor,0.9999999999999996
Sanjo K100 Bombazine // Toffe Tricolor,Sanjo Kids V100 Bombazine // Toffe Tricolor,0.9999999999999996
Sanjo K100 Bombazine // Toffe Tricolor,Sanjo Kids V100 Bombazine // Sky Tricolor,0.9999999999999996
Sanjo K100 Bombazine // Toffe Tricolor,Sanjo Kids V100 Bombazine // Ecru,0.9999999999999996
Sanjo K100 Bombazine // Toffe Tricolor,Sanjo Kids V100 Bombazine // Olive,0.9999999999999996
Sanjo K100 Bombazine // Olive,Sanjo K100 Bombazine // Sky Tricolor,0.9999999999999996
Sanjo K100 Bombazine // Olive,Sanjo K100 Bombazine // Ecru,0.9999999999999996
Sanjo K100 Bombazine // Olive,Sanjo K200 Bombazine // Toffe Tricolor,0.9999999999999996
Sanjo K100 Bombazine // Olive,Sanjo K200 Bombazine // Olive,0.9999999999999996
Sanjo K100 Bombazine // Olive,Sanjo K200 Bombazine // Sky Tricolor,0.9999999999999996
Sanjo K100 Bombazine // Olive,Sanjo Kids V100 Bombazine // Toffe Tricolor,0.9999999999999996
Sanjo K100 Bombazine // Olive,Sanjo Kids V100 Bombazine // Sky Tricolor,0.9999999999999996
Sanjo K100 Bombazine // Olive,Sanjo Kids V100 Bombazine // Ecru,0.9999999999999996
Sanjo K100 Bombazine // Olive,Sanjo Kids V100 Bombazine // Olive,0.9999999999999996
Sanjo K100 Bombazine // Sky Tricolor,Sanjo K100 Bombazine // Ecru,0.9999999999999996
Sanjo K100 Bombazine // Sky Tricolor,Sanjo K200 Bombazine // Toffe Tricolor,0.9999999999999996
Sanjo K100 Bombazine // Sky Tricolor,Sanjo K200 Bombazine // Olive,0.9999999999999996
Sanjo K100 Bombazine // Sky Tricolor,Sanjo K200 Bombazine // Sky Tricolor,0.9999999999999996
Sanjo K100 Bombazine // Sky Tricolor,Sanjo Kids V100 Bombazine // Toffe Tricolor,0.9999999999999996
Sanjo K100 Bombazine // Sky Tricolor,Sanjo Kids V100 Bombazine // Sky Tricolor,0.9999999999999996
Sanjo K100 Bombazine // Sky Tricolor,Sanjo Kids V100 Bombazine // Ecru,0.9999999999999996
Sanjo K100 Bombazine // Sky Tricolor,Sanjo Kids V100 Bombazine // Olive,0.9999999999999996
Sanjo K100 Bombazine // Ecru,Sanjo K200 Bombazine // Toffe Tricolor,0.9999999999999996
Sanjo K100 Bombazine // Ecru,Sanjo K200 Bombazine // Olive,0.9999999999999996
Sanjo K100 Bombazine // Ecru,Sanjo K200 Bombazine // Sky Tricolor,0.9999999999999996
Sanjo K100 Bombazine // Ecru,Sanjo Kids V100 Bombazine // Toffe Tricolor,0.9999999999999996
Sanjo K100 Bombazine // Ecru,Sanjo Kids V100 Bombazine // Sky Tricolor,0.9999999999999996
Sanjo K100 Bombazine // Ecru,Sanjo Kids V100 Bombazine // Ecru,0.9999999999999996
Sanjo K100 Bombazine // Ecru,Sanjo Kids V100 Bombazine // Olive,0.9999999999999996
Sanjo K200 Bombazine // Toffe Tricolor,Sanjo K200 Bombazine // Olive,0.9999999999999996
Sanjo K200 Bombazine // Toffe Tricolor,Sanjo K200 Bombazine // Sky Tricolor,0.9999999999999996
Sanjo K200 Bombazine // Toffe Tricolor,Sanjo Kids V100 Bombazine // Toffe Tricolor,0.9999999999999996
Sanjo K200 Bombazine // Toffe Tricolor,Sanjo Kids V100 Bombazine // Sky Tricolor,0.9999999999999996
Sanjo K200 Bombazine // Toffe Tricolor,Sanjo Kids V100 Bombazine // Ecru,0.9999999999999996
Sanjo K200 Bombazine // Toffe Tricolor,Sanjo Kids V100 Bombazine // Olive,0.9999999999999996
Sanjo K200 Bombazine // Olive,Sanjo K200 Bombazine // Sky Tricolor,0.9999999999999996
Sanjo K200 Bombazine // Olive,Sanjo Kids V100 Bombazine // Toffe Tricolor,0.9999999999999996
Sanjo K200 Bombazine // Olive,Sanjo Kids V100 Bombazine // Sky Tricolor,0.9999999999999996
Sanjo K200 Bombazine // Olive,Sanjo Kids V100 Bombazine // Ecru,0.9999999999999996
Sanjo K200 Bombazine // Olive,Sanjo Kids V100 Bombazine // Olive,0.9999999999999996
Sanjo K200 Bombazine // Sky Tricolor,Sanjo Kids V100 Bombazine // Toffe Tricolor,0.9999999999999996
Sanjo K200 Bombazine // Sky Tricolor,Sanjo Kids V100 Bombazine // Sky Tricolor,0.9999999999999996
Sanjo K200 Bombazine // Sky Tricolor,Sanjo Kids V100 Bombazine // Ecru,0.9999999999999996
Sanjo K200 Bombazine // Sky Tricolor,Sanjo Kids V100 Bombazine // Olive,0.9999999999999996
Sanjo Kids V100 Bombazine // Toffe Tricolor,Sanjo Kids V100 Bombazine // Sky Tricolor,0.9999999999999996
Sanjo Kids V100 Bombazine // Toffe Tricolor,Sanjo Kids V100 Bombazine // Ecru,0.9999999999999996
Sanjo Kids V100 Bombazine // Toffe Tricolor,Sanjo Kids V100 Bombazine // Olive,0.9999999999999996
Sanjo Kids V100 Bombazine // Sky Tricolor,Sanjo Kids V100 Bombazine // Ecru,0.9999999999999996
Sanjo Kids V100 Bombazine // Sky Tricolor,Sanjo Kids V100 Bombazine // Olive,0.9999999999999996
Sanjo Kids V100 Bombazine // Ecru,Sanjo Kids V100 Bombazine // Olive,0.9999999999999996
Sanjo K200 Marine // Red,Sanjo K200 Marine // Jeans,1.0000000000000013
Sanjo K200 Marine // Red,Sanjo K100 Marine // Red,1.0000000000000013
Sanjo K200 Marine // Red,Sanjo K100 Marine // Jeans,1.0000000000000013
Sanjo K200 Marine // Red,Sanjo K100 Marine // Bottle,1.0000000000000013
Sanjo K200 Marine // Red,Sanjo SL250 Marine // Bottle,1.0000000000000013
Sanjo K200 Marine // Red,Sanjo SL250 Marine // Salmon,1.0000000000000013
Sanjo K200 Marine // Jeans,Sanjo K100 Marine // Red,1.0000000000000013
Sanjo K200 Marine // Jeans,Sanjo K100 Marine // Jeans,1.0000000000000013
Sanjo K200 Marine // Jeans,Sanjo K100 Marine // Bottle,1.0000000000000013
Sanjo K200 Marine // Jeans,Sanjo SL250 Marine // Bottle,1.0000000000000013
Sanjo K200 Marine // Jeans,Sanjo SL250 Marine // Salmon,1.0000000000000013
Sanjo K100 Marine // Red,Sanjo K100 Marine // Jeans,1.0000000000000013
Sanjo K100 Marine // Red,Sanjo K100 Marine // Bottle,1.0000000000000013
Sanjo K100 Marine // Red,Sanjo SL250 Marine // Bottle,1.0000000000000013
Sanjo K100 Marine // Red,Sanjo SL250 Marine // Salmon,1.0000000000000013
Sanjo K100 Marine // Jeans,Sanjo K100 Marine // Bottle,1.0000000000000013
Sanjo K100 Marine // Jeans,Sanjo SL250 Marine // Bottle,1.0000000000000013
Sanjo K100 Marine // Jeans,Sanjo SL250 Marine // Salmon,1.0000000000000013
Sanjo K100 Marine // Bottle,Sanjo SL250 Marine // Bottle,1.0000000000000013
Sanjo K100 Marine // Bottle,Sanjo SL250 Marine // Salmon,1.0000000000000013
Sanjo K230 Tweed // Black,Sanjo K230 Tweed // Ecru,1.0000000000000004
Sanjo SL250 Marine // Bottle,Sanjo SL250 Marine // Salmon,1.0000000000000013
